Gemeinde,2020-11-01T09:53:55.000Z,2020-11-02T05:51:10.000Z,2020-11-02T14:58:48.000Z,2020-11-03T05:54:06.000Z,2020-11-03T14:50:35.000Z,2020-11-04T04:53:25.000Z,2020-11-04T14:09:45.000Z,2020-11-05T05:09:49.000Z,2020-11-05T07:09:49.000Z,2020-11-05T15:55:55.000Z,2020-11-06T06:52:43.000Z,2020-11-06T11:01:26.000Z,2020-11-06T13:01:26.000Z
Flachgau,1789,1912,1916,1979,1980,2115,2115,2252,2252,2253,2427,2435,2435
Anif,48,54,54,56,57,59,59,62,62,62,64,64,64
Anthering,29,33,33,35,35,40,40,44,44,44,49,49,49
Bergheim,82,85,85,90,90,97,97,102,102,102,108,109,109
Berndorf bei Salzburg,9,11,11,12,12,12,12,12,12,12,12,12,12
Bürmoos,30,32,32,32,32,35,35,43,43,43,47,47,47
Dorfbeuern,7,7,7,7,7,9,9,10,10,10,11,12,12
Ebenau,13,15,15,15,15,16,16,16,16,16,17,17,17
Elixhausen,24,25,25,27,27,28,28,32,32,32,32,32,32
Elsbethen,50,53,53,57,57,58,58,63,63,63,66,66,66
Eugendorf,80,87,87,90,90,94,94,100,100,100,103,103,103
Faistenau,40,44,44,44,44,49,48,54,54,54,57,57,57
Fuschl am See,42,45,45,45,45,49,49,49,49,49,56,56,56
Göming,16,16,17,17,17,17,17,17,17,17,17,17,17
Grödig,54,63,63,65,65,74,74,78,78,78,88,88,88
Großgmain,16,17,17,18,18,18,18,18,18,18,20,20,20
Hallwang,28,30,30,33,33,34,35,39,39,39,46,46,46
Henndorf am Wallersee,84,90,90,91,91,92,92,98,98,98,102,102,102
Hintersee,12,13,13,12,12,12,12,12,12,12,14,14,14
Hof bei Salzburg,54,54,55,58,58,60,60,63,63,63,73,73,73
Köstendorf,48,50,50,52,52,57,57,60,60,60,62,62,62
Koppl,88,92,92,93,93,99,99,99,99,99,105,105,105
Lamprechtshausen,25,31,31,33,33,36,36,38,38,38,44,44,44
Mattsee,17,17,17,18,18,20,20,22,22,22,26,26,26
Neumarkt am Wallersee,40,44,44,45,45,52,52,56,56,56,60,64,64
Nußdorf am Haunsberg,22,22,22,23,23,25,25,26,26,26,27,27,27
Oberndorf bei Salzburg,36,47,47,47,47,50,50,57,57,57,67,67,67
Obertrum am See,44,50,50,53,53,55,55,55,55,55,61,62,62
Plainfeld,24,25,25,26,26,27,27,27,27,27,30,30,30
Sankt Georgen bei Salzburg,50,52,52,53,53,59,59,63,63,63,65,65,65
Sankt Gilgen,68,70,70,71,71,75,75,77,77,77,81,81,81
Schleedorf,9,9,9,9,9,13,13,17,17,17,17,17,17
Seeham,20,23,23,25,25,27,27,29,29,29,33,33,33
Straßwalchen,110,112,112,112,112,121,121,132,132,133,140,140,140
Strobl,80,84,84,84,84,89,89,96,96,96,101,101,101
Thalgau,111,113,114,116,116,122,122,125,125,125,135,136,136
Wals-Siezenheim,147,159,159,168,168,179,179,193,193,193,214,214,214
Seekirchen am Wallersee,79,84,84,88,88,96,96,105,105,105,112,112,112
Flachgau - Nicht zugeordnet,53,54,55,59,59,60,60,63,63,63,65,65,65
Pongau,1592,1669,1670,1746,1746,1813,1813,1920,1920,1920,2076,2083,2083
Altenmarkt im Pongau,106,109,109,113,113,118,118,128,128,128,138,138,138
Bad Hofgastein,105,107,107,113,113,116,116,121,121,121,127,127,127
Bad Gastein,56,58,58,58,58,60,60,63,63,63,65,65,65
Bischofshofen,210,220,222,235,235,247,247,267,267,267,292,293,293
Dorfgastein,21,21,21,21,21,21,21,24,24,24,25,25,25
Eben im Pongau,31,31,31,33,33,36,36,37,37,37,41,44,44
Filzmoos,30,30,30,31,31,36,36,37,37,37,45,45,45
Flachau,96,96,96,98,98,98,98,100,100,100,104,104,104
Forstau,15,15,15,15,15,16,16,16,16,16,16,16,16
Goldegg,46,48,48,49,49,49,49,53,53,53,56,56,56
Großarl,135,144,144,144,144,144,143,146,146,146,151,151,151
Hüttau,17,17,17,17,17,17,17,17,17,17,18,18,18
Hüttschlag,13,13,13,13,13,14,14,15,15,15,15,15,15
Kleinarl,20,27,27,27,27,27,27,27,27,27,30,31,31
Mühlbach am Hochkönig,18,19,19,20,20,20,20,22,22,22,25,25,25
Pfarrwerfen,32,35,35,36,36,38,38,39,39,39,45,45,45
Radstadt,71,73,73,78,78,78,78,83,83,83,89,89,89
Sankt Johann im Pongau,223,230,230,253,253,268,267,286,286,286,322,320,320
Sankt Martin im Tennengebirge,69,72,72,72,72,75,75,75,75,75,76,76,76
Sankt Veit im Pongau,54,54,55,61,61,61,61,62,62,62,69,69,69
Schwarzach im Pongau,51,59,59,65,65,74,74,88,88,88,90,92,92
Untertauern,11,11,11,11,11,11,11,11,11,11,16,16,16
Wagrain,61,69,69,69,69,69,69,73,73,73,76,77,77
Werfen,46,51,51,53,53,56,56,59,59,59,71,71,71
Werfenweng,5,6,6,7,7,8,8,8,8,8,9,9,9
Pongau - Nicht zugeordnet,50,54,52,54,54,56,58,63,63,63,65,66,66
Tennengau,1166,1221,1213,1242,1244,1286,1286,1377,1377,1377,1425,1431,1431
Abtenau,112,127,127,131,131,137,137,155,155,155,162,162,162
Adnet,89,91,90,91,91,91,91,96,96,96,96,96,96
Annaberg-Lungötz,10,10,10,10,10,10,10,11,11,11,12,12,12
Golling an der Salzach,82,82,82,82,82,86,86,95,95,95,99,99,99
Hallein,286,299,294,303,304,315,315,351,351,351,369,371,371
Krispl,28,30,30,30,30,30,30,33,33,33,33,33,33
Kuchl,315,330,329,334,334,344,344,349,349,349,354,354,354
Oberalm,52,52,52,52,52,53,53,55,55,55,57,58,58
Puch bei Hallein,68,72,70,74,74,79,79,82,82,82,84,86,86
Rußbach am Pass Gschütt,3,3,3,3,3,3,3,4,4,4,6,6,6
Sankt Koloman,40,42,42,44,44,46,46,51,51,51,51,51,51
Scheffau am Tennengebirge,20,21,20,21,21,23,23,24,24,24,24,25,25
Bad Vigaun,41,42,42,45,45,46,46,48,48,48,53,53,53
Tennengau - Nicht zugeordnet,20,20,22,22,23,23,23,23,23,23,25,25,25
Salzburg Stadt,1401,1494,1493,1527,1526,1638,1638,1713,1713,1714,1880,1888,1888
Stadt Salzburg - Nicht zugeordnet,73,81,81,83,83,90,90,99,99,99,108,108,108
Lungau,178,198,198,212,212,227,227,249,249,249,300,300,300
Göriach,0,0,0,1,1,2,2,2,2,2,4,4,4
Lessach,1,1,1,1,1,1,1,1,1,1,2,2,2
Mariapfarr,27,29,29,28,28,28,28,32,32,32,35,35,35
Mauterndorf,8,8,8,8,8,9,9,13,13,13,19,19,19
Muhr,0,0,0,0,0,0,0,0,0,0,0,0,0
Ramingstein,7,6,6,7,7,8,8,9,9,9,13,13,13
Sankt Andrä im Lungau,5,5,5,5,5,5,5,6,6,6,8,8,8
Sankt Margarethen im Lungau,4,4,4,4,4,5,5,5,5,5,6,6,6
Sankt Michael im Lungau,33,32,32,35,35,38,38,41,41,41,47,47,47
Tamsweg,45,55,55,60,60,62,62,66,66,65,81,81,81
Thomatal,1,1,1,2,2,2,2,2,2,2,3,3,3
Tweng,5,5,5,5,5,5,5,6,6,6,6,6,6
Unternberg,3,4,4,8,8,8,8,9,9,9,10,10,10
Weißpriach,1,3,3,3,3,3,3,3,3,3,3,3,3
Zederhaus,25,31,31,31,31,36,36,39,39,39,46,46,46
Lungau - Nicht zugeordnet,13,14,14,14,14,15,15,15,15,16,17,17,17
Pinzgau,937,963,963,985,986,1042,1043,1098,1098,1098,1170,1170,1170
Bramberg am Wildkogel,15,16,16,17,17,19,19,23,23,23,25,25,25
Bruck an der Glocknerstraße,51,52,52,53,53,54,55,58,58,58,63,63,63
Dienten am Hochkönig,5,6,6,9,9,9,9,12,12,12,14,14,14
Fusch an der Glocknerstraße,6,6,6,6,6,6,6,6,6,6,6,6,6
Hollersbach,3,3,3,3,3,5,5,8,8,8,10,10,10
Kaprun,33,34,34,36,36,41,41,41,41,41,41,41,41
Krimml,11,13,13,15,15,18,18,22,22,22,25,25,25
Lend,9,10,10,10,10,10,10,10,10,10,13,13,13
Leogang,21,21,21,22,22,24,24,27,27,27,32,32,32
Lofer,31,32,32,32,32,32,32,32,32,32,32,32,32
Maishofen,35,37,37,37,37,38,38,38,38,38,39,39,39
Maria Alm am Steinernen Meer,5,5,5,5,5,6,6,7,7,7,9,9,9
Mittersill,57,59,59,60,60,64,64,68,68,68,72,72,72
Neukirchen am Großvenediger,11,11,11,11,11,14,14,16,16,16,16,16,16
Niedernsill,13,16,16,17,17,17,17,17,17,17,17,17,17
Piesendorf,42,42,42,42,42,43,43,45,45,45,46,46,46
Rauris,23,26,26,27,27,27,27,28,28,28,30,30,30
Saalbach-Hinterglemm,54,54,54,55,55,56,56,56,56,56,58,58,58
Saalfelden am Steinernen Meer,151,152,152,156,157,176,176,190,190,190,215,215,215
Sankt Martin bei Lofer,23,24,24,24,24,24,24,25,25,25,27,27,27
Stuhlfelden,10,10,10,10,10,10,10,11,11,11,12,12,12
Taxenbach,43,45,45,47,47,49,49,49,49,49,49,49,49
Unken,55,55,55,56,56,55,55,55,55,55,55,55,55
Uttendorf,21,22,22,22,22,22,22,25,25,25,27,27,27
Viehhofen,10,10,10,10,10,10,10,10,10,10,10,10,10
Wald im Pinzgau,13,13,13,13,13,13,13,15,15,15,15,15,15
Weißbach bei Lofer,15,15,15,15,15,17,17,17,17,17,17,17,17
Zell am See,163,166,166,167,167,171,171,175,175,175,182,182,182
Pinzgau - Nicht zugeordnet,8,8,8,8,8,12,12,12,12,12,13,13,13